[
    {
        "pk": 19, 
        "model": "auth.permission", 
        "fields": {
            "codename": "add_logentry", 
            "name": "Can add log entry", 
            "content_type": 7
        }
    }, 
    {
        "pk": 20, 
        "model": "auth.permission", 
        "fields": {
            "codename": "change_logentry", 
            "name": "Can change log entry", 
            "content_type": 7
        }
    }, 
    {
        "pk": 21, 
        "model": "auth.permission", 
        "fields": {
            "codename": "delete_logentry", 
            "name": "Can delete log entry", 
            "content_type": 7
        }
    }, 
    {
        "pk": 4, 
        "model": "auth.permission", 
        "fields": {
            "codename": "add_group", 
            "name": "Can add group", 
            "content_type": 2
        }
    }, 
    {
        "pk": 5, 
        "model": "auth.permission", 
        "fields": {
            "codename": "change_group", 
            "name": "Can change group", 
            "content_type": 2
        }
    }, 
    {
        "pk": 6, 
        "model": "auth.permission", 
        "fields": {
            "codename": "delete_group", 
            "name": "Can delete group", 
            "content_type": 2
        }
    }, 
    {
        "pk": 1, 
        "model": "auth.permission", 
        "fields": {
            "codename": "add_permission", 
            "name": "Can add permission", 
            "content_type": 1
        }
    }, 
    {
        "pk": 2, 
        "model": "auth.permission", 
        "fields": {
            "codename": "change_permission", 
            "name": "Can change permission", 
            "content_type": 1
        }
    }, 
    {
        "pk": 3, 
        "model": "auth.permission", 
        "fields": {
            "codename": "delete_permission", 
            "name": "Can delete permission", 
            "content_type": 1
        }
    }, 
    {
        "pk": 7, 
        "model": "auth.permission", 
        "fields": {
            "codename": "add_user", 
            "name": "Can add user", 
            "content_type": 3
        }
    }, 
    {
        "pk": 8, 
        "model": "auth.permission", 
        "fields": {
            "codename": "change_user", 
            "name": "Can change user", 
            "content_type": 3
        }
    }, 
    {
        "pk": 9, 
        "model": "auth.permission", 
        "fields": {
            "codename": "delete_user", 
            "name": "Can delete user", 
            "content_type": 3
        }
    }, 
    {
        "pk": 10, 
        "model": "auth.permission", 
        "fields": {
            "codename": "add_contenttype", 
            "name": "Can add content type", 
            "content_type": 4
        }
    }, 
    {
        "pk": 11, 
        "model": "auth.permission", 
        "fields": {
            "codename": "change_contenttype", 
            "name": "Can change content type", 
            "content_type": 4
        }
    }, 
    {
        "pk": 12, 
        "model": "auth.permission", 
        "fields": {
            "codename": "delete_contenttype", 
            "name": "Can delete content type", 
            "content_type": 4
        }
    }, 
    {
        "pk": 25, 
        "model": "auth.permission", 
        "fields": {
            "codename": "add_balanca", 
            "name": "Can add balanca", 
            "content_type": 9
        }
    }, 
    {
        "pk": 26, 
        "model": "auth.permission", 
        "fields": {
            "codename": "change_balanca", 
            "name": "Can change balanca", 
            "content_type": 9
        }
    }, 
    {
        "pk": 27, 
        "model": "auth.permission", 
        "fields": {
            "codename": "delete_balanca", 
            "name": "Can delete balanca", 
            "content_type": 9
        }
    }, 
    {
        "pk": 28, 
        "model": "auth.permission", 
        "fields": {
            "codename": "add_ingrediente", 
            "name": "Can add ingrediente", 
            "content_type": 10
        }
    }, 
    {
        "pk": 29, 
        "model": "auth.permission", 
        "fields": {
            "codename": "change_ingrediente", 
            "name": "Can change ingrediente", 
            "content_type": 10
        }
    }, 
    {
        "pk": 30, 
        "model": "auth.permission", 
        "fields": {
            "codename": "delete_ingrediente", 
            "name": "Can delete ingrediente", 
            "content_type": 10
        }
    }, 
    {
        "pk": 37, 
        "model": "auth.permission", 
        "fields": {
            "codename": "add_ingredientesporitem", 
            "name": "Can add ingredientes por item", 
            "content_type": 13
        }
    }, 
    {
        "pk": 38, 
        "model": "auth.permission", 
        "fields": {
            "codename": "change_ingredientesporitem", 
            "name": "Can change ingredientes por item", 
            "content_type": 13
        }
    }, 
    {
        "pk": 39, 
        "model": "auth.permission", 
        "fields": {
            "codename": "delete_ingredientesporitem", 
            "name": "Can delete ingredientes por item", 
            "content_type": 13
        }
    }, 
    {
        "pk": 34, 
        "model": "auth.permission", 
        "fields": {
            "codename": "add_item", 
            "name": "Can add item", 
            "content_type": 12
        }
    }, 
    {
        "pk": 35, 
        "model": "auth.permission", 
        "fields": {
            "codename": "change_item", 
            "name": "Can change item", 
            "content_type": 12
        }
    }, 
    {
        "pk": 36, 
        "model": "auth.permission", 
        "fields": {
            "codename": "delete_item", 
            "name": "Can delete item", 
            "content_type": 12
        }
    }, 
    {
        "pk": 43, 
        "model": "auth.permission", 
        "fields": {
            "codename": "add_itensporpedido", 
            "name": "Can add itens por pedido", 
            "content_type": 15
        }
    }, 
    {
        "pk": 44, 
        "model": "auth.permission", 
        "fields": {
            "codename": "change_itensporpedido", 
            "name": "Can change itens por pedido", 
            "content_type": 15
        }
    }, 
    {
        "pk": 45, 
        "model": "auth.permission", 
        "fields": {
            "codename": "delete_itensporpedido", 
            "name": "Can delete itens por pedido", 
            "content_type": 15
        }
    }, 
    {
        "pk": 31, 
        "model": "auth.permission", 
        "fields": {
            "codename": "add_mesa", 
            "name": "Can add mesa", 
            "content_type": 11
        }
    }, 
    {
        "pk": 32, 
        "model": "auth.permission", 
        "fields": {
            "codename": "change_mesa", 
            "name": "Can change mesa", 
            "content_type": 11
        }
    }, 
    {
        "pk": 33, 
        "model": "auth.permission", 
        "fields": {
            "codename": "delete_mesa", 
            "name": "Can delete mesa", 
            "content_type": 11
        }
    }, 
    {
        "pk": 40, 
        "model": "auth.permission", 
        "fields": {
            "codename": "add_pedido", 
            "name": "Can add pedido", 
            "content_type": 14
        }
    }, 
    {
        "pk": 41, 
        "model": "auth.permission", 
        "fields": {
            "codename": "change_pedido", 
            "name": "Can change pedido", 
            "content_type": 14
        }
    }, 
    {
        "pk": 42, 
        "model": "auth.permission", 
        "fields": {
            "codename": "delete_pedido", 
            "name": "Can delete pedido", 
            "content_type": 14
        }
    }, 
    {
        "pk": 13, 
        "model": "auth.permission", 
        "fields": {
            "codename": "add_session", 
            "name": "Can add session", 
            "content_type": 5
        }
    }, 
    {
        "pk": 14, 
        "model": "auth.permission", 
        "fields": {
            "codename": "change_session", 
            "name": "Can change session", 
            "content_type": 5
        }
    }, 
    {
        "pk": 15, 
        "model": "auth.permission", 
        "fields": {
            "codename": "delete_session", 
            "name": "Can delete session", 
            "content_type": 5
        }
    }, 
    {
        "pk": 16, 
        "model": "auth.permission", 
        "fields": {
            "codename": "add_site", 
            "name": "Can add site", 
            "content_type": 6
        }
    }, 
    {
        "pk": 17, 
        "model": "auth.permission", 
        "fields": {
            "codename": "change_site", 
            "name": "Can change site", 
            "content_type": 6
        }
    }, 
    {
        "pk": 18, 
        "model": "auth.permission", 
        "fields": {
            "codename": "delete_site", 
            "name": "Can delete site", 
            "content_type": 6
        }
    }, 
    {
        "pk": 22, 
        "model": "auth.permission", 
        "fields": {
            "codename": "add_migrationhistory", 
            "name": "Can add migration history", 
            "content_type": 8
        }
    }, 
    {
        "pk": 23, 
        "model": "auth.permission", 
        "fields": {
            "codename": "change_migrationhistory", 
            "name": "Can change migration history", 
            "content_type": 8
        }
    }, 
    {
        "pk": 24, 
        "model": "auth.permission", 
        "fields": {
            "codename": "delete_migrationhistory", 
            "name": "Can delete migration history", 
            "content_type": 8
        }
    }, 
    {
        "pk": 1, 
        "model": "auth.group", 
        "fields": {
            "name": "Administrador", 
            "permissions": []
        }
    }, 
    {
        "pk": 2, 
        "model": "auth.group", 
        "fields": {
            "name": "Supervisor", 
            "permissions": []
        }
    }, 
    {
        "pk": 1, 
        "model": "auth.user", 
        "fields": {
            "username": "borges", 
            "first_name": "", 
            "last_name": "", 
            "is_active": true, 
            "is_superuser": true, 
            "is_staff": true, 
            "last_login": "2013-02-26T01:58:50.690Z", 
            "groups": [], 
            "user_permissions": [], 
            "password": "pbkdf2_sha256$10000$1cKEbJiRFp1S$qzhHnmSPG91PudG3lgLKmVl+7BguK0K4G87LRtgFJeU=", 
            "email": "p@b.com", 
            "date_joined": "2013-02-24T16:58:17.374Z"
        }
    }, 
    {
        "pk": 2, 
        "model": "auth.user", 
        "fields": {
            "username": "admin", 
            "first_name": "", 
            "last_name": "", 
            "is_active": true, 
            "is_superuser": false, 
            "is_staff": false, 
            "last_login": "2013-02-25T00:38:23.924Z", 
            "groups": [
                1
            ], 
            "user_permissions": [], 
            "password": "pbkdf2_sha256$10000$XX6lwcbxrrRK$vcxWkGJxL3yqsblIFYdw1N7AQ5319EpcblljkL+mELs=", 
            "email": "", 
            "date_joined": "2013-02-24T16:59:53Z"
        }
    }, 
    {
        "pk": 3, 
        "model": "auth.user", 
        "fields": {
            "username": "supervisor", 
            "first_name": "", 
            "last_name": "", 
            "is_active": true, 
            "is_superuser": false, 
            "is_staff": false, 
            "last_login": "2013-02-24T17:00:09Z", 
            "groups": [
                2
            ], 
            "user_permissions": [], 
            "password": "pbkdf2_sha256$10000$ksAYysPyrfF5$qa1wbhpUsDOlTKItF490zEjfhXspV6WfWGcBSLGbfuk=", 
            "email": "", 
            "date_joined": "2013-02-24T17:00:09Z"
        }
    }, 
    {
        "pk": 4, 
        "model": "auth.user", 
        "fields": {
            "username": "funcionario", 
            "first_name": "", 
            "last_name": "", 
            "is_active": true, 
            "is_superuser": false, 
            "is_staff": false, 
            "last_login": "2013-02-24T17:00:28Z", 
            "groups": [], 
            "user_permissions": [], 
            "password": "pbkdf2_sha256$10000$NDTSNM9ms4U4$FVGYM3uxILrNJJgkGNpCBMo9s9Rna+cdtADDLE62CnU=", 
            "email": "", 
            "date_joined": "2013-02-24T17:00:28Z"
        }
    }, 
    {
        "pk": 1, 
        "model": "rfeed.balanca", 
        "fields": {
            "peso_atual": "0", 
            "ref": "001"
        }
    }, 
    {
        "pk": 2, 
        "model": "rfeed.balanca", 
        "fields": {
            "peso_atual": "0", 
            "ref": "002"
        }
    }, 
    {
        "pk": 3, 
        "model": "rfeed.balanca", 
        "fields": {
            "peso_atual": "0", 
            "ref": "003"
        }
    }, 
    {
        "pk": 4, 
        "model": "rfeed.balanca", 
        "fields": {
            "peso_atual": "0", 
            "ref": "004"
        }
    }, 
    {
        "pk": 5, 
        "model": "rfeed.balanca", 
        "fields": {
            "peso_atual": "0", 
            "ref": "005"
        }
    }, 
    {
        "pk": 6, 
        "model": "rfeed.balanca", 
        "fields": {
            "peso_atual": "0", 
            "ref": "006"
        }
    }, 
    {
        "pk": 7, 
        "model": "rfeed.balanca", 
        "fields": {
            "peso_atual": "0", 
            "ref": "007"
        }
    }, 
    {
        "pk": 8, 
        "model": "rfeed.balanca", 
        "fields": {
            "peso_atual": "0", 
            "ref": "008"
        }
    }, 
    {
        "pk": 9, 
        "model": "rfeed.balanca", 
        "fields": {
            "peso_atual": "0", 
            "ref": "009"
        }
    }, 
    {
        "pk": 10, 
        "model": "rfeed.balanca", 
        "fields": {
            "peso_atual": "0", 
            "ref": "010"
        }
    }, 
    {
        "pk": 1, 
        "model": "rfeed.ingrediente", 
        "fields": {
            "balanca": 1, 
            "nome": "Carne de sol"
        }
    }, 
    {
        "pk": 2, 
        "model": "rfeed.ingrediente", 
        "fields": {
            "balanca": 2, 
            "nome": "Picanha"
        }
    }, 
    {
        "pk": 3, 
        "model": "rfeed.ingrediente", 
        "fields": {
            "balanca": 3, 
            "nome": "Arroz branco"
        }
    }, 
    {
        "pk": 4, 
        "model": "rfeed.ingrediente", 
        "fields": {
            "balanca": 4, 
            "nome": "Feij\u00e3o verde"
        }
    }, 
    {
        "pk": 5, 
        "model": "rfeed.ingrediente", 
        "fields": {
            "balanca": 5, 
            "nome": "Farofa"
        }
    }, 
    {
        "pk": 1, 
        "model": "rfeed.item", 
        "fields": {
            "nome": "Carne de sol"
        }
    }, 
    {
        "pk": 2, 
        "model": "rfeed.item", 
        "fields": {
            "nome": "1/2 Carne de sol"
        }
    }, 
    {
        "pk": 3, 
        "model": "rfeed.item", 
        "fields": {
            "nome": "Coca cola 2L"
        }
    }, 
    {
        "pk": 4, 
        "model": "rfeed.item", 
        "fields": {
            "nome": "Cerveja Skol"
        }
    }, 
    {
        "pk": 1, 
        "model": "rfeed.ingredientesporitem", 
        "fields": {
            "unidade": "g", 
            "item": 1, 
            "quantidade": "500", 
            "ingrediente": 1
        }
    }, 
    {
        "pk": 2, 
        "model": "rfeed.ingredientesporitem", 
        "fields": {
            "unidade": "g", 
            "item": 1, 
            "quantidade": "400", 
            "ingrediente": 3
        }
    }, 
    {
        "pk": 3, 
        "model": "rfeed.ingredientesporitem", 
        "fields": {
            "unidade": "g", 
            "item": 1, 
            "quantidade": "300", 
            "ingrediente": 4
        }
    }, 
    {
        "pk": 4, 
        "model": "rfeed.ingredientesporitem", 
        "fields": {
            "unidade": "g", 
            "item": 1, 
            "quantidade": "250", 
            "ingrediente": 5
        }
    }, 
    {
        "pk": 5, 
        "model": "rfeed.ingredientesporitem", 
        "fields": {
            "unidade": "g", 
            "item": 2, 
            "quantidade": "350", 
            "ingrediente": 1
        }
    }, 
    {
        "pk": 6, 
        "model": "rfeed.ingredientesporitem", 
        "fields": {
            "unidade": "g", 
            "item": 2, 
            "quantidade": "300", 
            "ingrediente": 3
        }
    }, 
    {
        "pk": 7, 
        "model": "rfeed.ingredientesporitem", 
        "fields": {
            "unidade": "g", 
            "item": 2, 
            "quantidade": "250", 
            "ingrediente": 4
        }
    }, 
    {
        "pk": 8, 
        "model": "rfeed.ingredientesporitem", 
        "fields": {
            "unidade": "g", 
            "item": 2, 
            "quantidade": "200", 
            "ingrediente": 5
        }
    }, 
    {
        "pk": 1, 
        "model": "rfeed.mesa", 
        "fields": {
            "codigo": "A01"
        }
    }, 
    {
        "pk": 2, 
        "model": "rfeed.mesa", 
        "fields": {
            "codigo": "A02"
        }
    }, 
    {
        "pk": 3, 
        "model": "rfeed.mesa", 
        "fields": {
            "codigo": "A03"
        }
    }, 
    {
        "pk": 4, 
        "model": "rfeed.mesa", 
        "fields": {
            "codigo": "A04"
        }
    }, 
    {
        "pk": 5, 
        "model": "rfeed.mesa", 
        "fields": {
            "codigo": "A05"
        }
    }, 
    {
        "pk": 6, 
        "model": "rfeed.mesa", 
        "fields": {
            "codigo": "B01"
        }
    }, 
    {
        "pk": 7, 
        "model": "rfeed.mesa", 
        "fields": {
            "codigo": "B02"
        }
    }, 
    {
        "pk": 8, 
        "model": "rfeed.mesa", 
        "fields": {
            "codigo": "B03"
        }
    }, 
    {
        "pk": 9, 
        "model": "rfeed.mesa", 
        "fields": {
            "codigo": "B04"
        }
    }, 
    {
        "pk": 10, 
        "model": "rfeed.mesa", 
        "fields": {
            "codigo": "B05"
        }
    }
]